,,,,,,TABLE 1,TABLE 1,,,,,,,,,
,LIVE BIRTHS BY PLACE OF OCCURRENCE AND PLACE OF RESIDENCE BY RACE,LIVE BIRTHS BY PLACE OF OCCURRENCE AND PLACE OF RESIDENCE BY RACE,LIVE BIRTHS BY PLACE OF OCCURRENCE AND PLACE OF RESIDENCE BY RACE,LIVE BIRTHS BY PLACE OF OCCURRENCE AND PLACE OF RESIDENCE BY RACE,LIVE BIRTHS BY PLACE OF OCCURRENCE AND PLACE OF RESIDENCE BY RACE,LIVE BIRTHS BY PLACE OF OCCURRENCE AND PLACE OF RESIDENCE BY RACE,LIVE BIRTHS BY PLACE OF OCCURRENCE AND PLACE OF RESIDENCE BY RACE,LIVE BIRTHS BY PLACE OF OCCURRENCE AND PLACE OF RESIDENCE BY RACE,LIVE BIRTHS BY PLACE OF OCCURRENCE AND PLACE OF RESIDENCE BY RACE,LIVE BIRTHS BY PLACE OF OCCURRENCE AND PLACE OF RESIDENCE BY RACE,LIVE BIRTHS BY PLACE OF OCCURRENCE AND PLACE OF RESIDENCE BY RACE,LIVE BIRTHS BY PLACE OF OCCURRENCE AND PLACE OF RESIDENCE BY RACE,LIVE BIRTHS BY PLACE OF OCCURRENCE AND PLACE OF RESIDENCE BY RACE,,,
,"WITH RESIDENT RATES PER 1,000 POPULATION AND FEMALES AGES 15-44","WITH RESIDENT RATES PER 1,000 POPULATION AND FEMALES AGES 15-44","WITH RESIDENT RATES PER 1,000 POPULATION AND FEMALES AGES 15-44","WITH RESIDENT RATES PER 1,000 POPULATION AND FEMALES AGES 15-44","WITH RESIDENT RATES PER 1,000 POPULATION AND FEMALES AGES 15-44","WITH RESIDENT RATES PER 1,000 POPULATION AND FEMALES AGES 15-44","WITH RESIDENT RATES PER 1,000 POPULATION AND FEMALES AGES 15-44","WITH RESIDENT RATES PER 1,000 POPULATION AND FEMALES AGES 15-44","WITH RESIDENT RATES PER 1,000 POPULATION AND FEMALES AGES 15-44","WITH RESIDENT RATES PER 1,000 POPULATION AND FEMALES AGES 15-44","WITH RESIDENT RATES PER 1,000 POPULATION AND FEMALES AGES 15-44","WITH RESIDENT RATES PER 1,000 POPULATION AND FEMALES AGES 15-44",,,,
,,,BY PLANNING DISTRICT AND CITY OR COUNTY,BY PLANNING DISTRICT AND CITY OR COUNTY,BY PLANNING DISTRICT AND CITY OR COUNTY,BY PLANNING DISTRICT AND CITY OR COUNTY,BY PLANNING DISTRICT AND CITY OR COUNTY,BY PLANNING DISTRICT AND CITY OR COUNTY,BY PLANNING DISTRICT AND CITY OR COUNTY,BY PLANNING DISTRICT AND CITY OR COUNTY,,,,,,
,,,,,,"VIRGINIA, 1997","VIRGINIA, 1997","VIRGINIA, 1997",,,,,,,,
PLANNING DISTRICT,NUMBER OF LIVE BIRTHS,NUMBER OF LIVE BIRTHS,NUMBER OF LIVE BIRTHS,NUMBER OF LIVE BIRTHS,,,,,LIVE BIRTHS BY PLACE OF RESIDENCE,LIVE BIRTHS BY PLACE OF RESIDENCE,LIVE BIRTHS BY PLACE OF RESIDENCE,LIVE BIRTHS BY PLACE OF RESIDENCE,,,,
AND,BY PLACE OF OCCURRENCE,BY PLACE OF OCCURRENCE,BY PLACE OF OCCURRENCE,BY PLACE OF OCCURRENCE,NUMBER OF LIVE BIRTHS,NUMBER OF LIVE BIRTHS,NUMBER OF LIVE BIRTHS,NUMBER OF LIVE BIRTHS,"RATES PER 1,000 POPULATION","RATES PER 1,000 POPULATION","RATES PER 1,000 POPULATION","RATES PER 1,000 POPULATION","RATES PER 1,000 FEMALES AGE 15-44","RATES PER 1,000 FEMALES AGE 15-44","RATES PER 1,000 FEMALES AGE 15-44","RATES PER 1,000 FEMALES AGE 15-44"
CITY / COUNTY,TOTAL,WHITE,BLACK,OTHER,TOTAL,WHITE,BLACK,OTHER,TOTAL,WHITE,BLACK,OTHER,TOTAL,WHITE,BLACK,OTHER
STATE OF VIRGINIA,"89,679","63,785","20,892","5,002","91,664","65,474","20,911","5,279",13.7,12.7,16.0,23.1,59.2,56.0,66.0,84.2
PLANNING DISTRICT 1,924,916,3,5,"1,025","1,013",6,6,11.5,11.6,4.7,20.5,56.1,56.3,26.5,79.3
LEE COUNTY,170,168,,2,269,266,,3,11.2,11.1,,64.7,54.8,54.6,,218.8
SCOTT COUNTY,1,1,,,212,209,3,,9.4,9.3,20.6,,48.2,47.8,130.3,
WISE COUNTY,203,202,,1,515,510,2,3,13.5,13.6,2.7,17.5,63.8,64.4,18.6,73.9
NORTON CITY,550,545,3,2,29,28,1,,7.2,7.6,3.4,,32.0,34.5,12.9,
PLANNING DISTRICT 2,601,595,4,2,"1,252","1,237",12,3,10.7,10.8,7.3,6.7,49.5,49.8,36.4,29.1
BUCHANAN COUNTY,,,,,287,286,,1,9.9,9.9,,9.2,42.3,42.4,,43.6
DICKENSON COUNTY,,,,,167,167,,,10.0,10.0,,,47.1,47.3,,
RUSSELL COUNTY,26,26,,,307,305,1,1,11.2,11.3,3.4,36.2,51.8,52.0,21.0,182.4
TAZEWELL COUNTY,575,569,4,2,491,479,11,1,11.2,11.3,9.2,3.4,54.2,54.9,43.1,13.9
PLANNING DISTRICT 3,"1,671","1,614",44,13,"1,898","1,826",59,13,10.7,10.6,12.4,22.8,53.7,53.5,57.8,80.5
BLAND COUNTY,1,1,,,63,63,,,9.6,10.0,,,53.2,53.6,,
CARROLL COUNTY,2,1,,1,303,300,,3,11.5,11.5,,39.6,60.9,61.0,,121.9
GRAYSON COUNTY,2,2,,,156,150,5,1,9.7,9.6,10.6,32.2,51.3,51.1,52.4,131.6
SMYTH COUNTY,323,313,8,2,368,359,8,1,11.1,11.1,10.6,8.6,54.7,55.1,42.4,34.2
WASHINGTON COUNTY,676,669,7,,404,399,5,,8.9,8.9,7.9,,43.9,44.1,39.1,
WYTHE COUNTY,237,224,13,,281,266,15,,11.1,10.9,16.7,,52.7,52.5,63.5,
BRISTOL CITY,2,2,,,225,209,15,1,12.5,12.4,14.1,9.7,62.9,62.8,68.7,36.0
GALAX CITY,428,402,16,10,98,80,11,7,14.5,12.9,21.9,236.7,76.8,69.3,96.4,885.2
PLANNING DISTRICT 4,"1,535","1,414",62,59,"1,646","1,512",71,63,10.4,10.3,9.8,15.2,41.2,41.1,37.6,47.8
FLOYD COUNTY,4,4,,,132,129,2,1,10.7,10.7,7.8,31.0,56.1,56.2,40.5,115.5
GILES COUNTY,6,6,,,182,180,2,,11.2,11.3,7.2,,58.9,59.1,47.0,
MONTGOMERY COUNTY,641,577,28,36,838,744,37,57,10.8,10.5,10.3,15.6,39.5,39.1,35.0,50.6
PULASKI COUNTY,114,105,7,2,367,346,17,4,10.7,10.8,8.5,33.3,52.7,52.8,44.7,111.3
RADFORD CITY,770,722,27,21,127,113,13,1,7.5,7.3,12.1,3.1,20.0,19.3,36.2,7.0
PLANNING DISTRICT 5,"4,048","3,433",554,61,"3,048","2,507",492,49,12.0,11.4,15.5,22.2,57.3,55.2,68.8,90.0
ALLEGHANY COUNTY,306,283,21,2,159,153,4,2,12.5,12.5,11.9,36.7,65.4,64.8,68.0,151.9
BOTETOURT COUNTY,4,4,,,294,287,4,3,11.3,11.6,3.6,33.6,56.5,57.2,23.5,142.7
CRAIG COUNTY,,,,,43,43,,,9.2,9.2,,,46.7,46.8,,
ROANOKE COUNTY,2,2,,,560,533,19,8,6.8,6.7,8.3,9.7,32.2,31.9,37.0,38.6
CLIFTON FORGE CITY,,,,,58,51,6,1,13.1,13.7,8.9,103.3,73.1,76.0,49.9,577.9
COVINGTON CITY,,,,,61,51,10,,9.4,9.4,10.2,,50.9,50.4,57.2,
ROANOKE CITY,"2,742","2,257",443,42,"1,617","1,153",435,29,17.2,16.9,17.2,30.3,79.2,80.8,73.7,124.3
SALEM CITY,994,887,90,17,256,236,14,6,10.9,10.6,12.4,29.3,53.5,52.2,66.1,112.8
PLANNING DISTRICT 6,"2,836","2,662",119,55,"2,761","2,576",132,53,11.8,11.8,9.9,33.2,53.9,53.8,45.0,108.8
AUGUSTA COUNTY,968,888,68,12,694,667,19,8,12.1,12.1,9.5,44.6,58.6,57.9,68.9,177.0
BATH COUNTY,,,,,44,44,,,9.6,10.0,,,54.8,56.5,,
HIGHLAND COUNTY,,,,,20,20,,,8.1,8.1,,,48.8,48.8,,
ROCKBRIDGE COUNTY,4,4,,,209,202,5,2,11.2,11.2,8.0,22.5,56.6,56.7,47.5,96.7
ROCKINGHAM COUNTY,20,20,,,798,781,13,4,13.2,13.1,13.1,17.7,64.4,64.1,78.0,86.3
BUENA VISTA CITY,,,,,70,62,3,5,11.2,10.5,8.9,162.7,50.0,47.4,39.3,318.8
HARRISONBURG CITY,"1,627","1,548",41,38,381,329,24,28,11.5,11.1,8.6,40.1,35.7,34.9,23.8,111.7
LEXINGTON CITY,213,198,10,5,44,39,5,,6.3,6.4,6.3,,37.2,37.7,37.3,
STAUNTON CITY,2,2,,,249,213,32,4,10.1,10.2,9.3,25.3,47.7,47.6,47.0,63.2
WAYNESBORO CITY,2,2,,,252,219,31,2,13.4,13.2,14.7,20.5,69.3,69.7,66.2,72.7
PLANNING DISTRICT 7,"2,130","2,035",66,29,"2,146","2,040",76,30,12.2,12.1,10.6,26.1,58.0,57.8,53.2,99.4
CLARKE COUNTY,1,1,,,97,91,4,2,7.2,7.3,4.3,50.4,35.8,36.1,22.3,268.6
FREDERICK COUNTY,2,2,,,696,672,14,10,13.2,13.1,10.9,22.7,59.2,59.2,47.8,81.7
PAGE COUNTY,2,2,,,251,242,6,3,10.9,10.7,12.8,30.7,54.4,53.5,89.5,130.8
SHENANDOAH COUNTY,174,173,1,,385,381,2,2,11.3,11.4,4.4,12.2,58.3,58.8,22.5,62.4
WARREN COUNTY,150,139,9,2,408,380,23,5,13.8,13.5,16.6,39.8,64.9,63.3,92.9,165.0
WINCHESTER CITY,"1,801","1,718",56,27,309,274,27,8,13.2,13.3,10.2,28.2,61.3,62.3,48.8,92.4
PLANNING DISTRICT 8,"25,523","18,777","3,490","3,256","26,096","19,244","3,343","3,509",15.7,14.4,17.7,25.4,62.5,58.5,65.9,93.0
ARLINGTON COUNTY,"2,764","1,560",449,755,"2,666","1,752",332,582,15.0,12.3,16.1,41.5,56.7,47.4,56.2,140.1
FAIRFAX COUNTY,"15,182","11,800","1,578","1,804","13,030","9,709","1,258","2,063",14.0,13.0,14.2,20.7,57.1,54.4,53.7,78.1
LOUDOUN COUNTY,995,864,80,51,"2,603","2,291",146,166,24.9,24.4,18.9,57.7,99.9,97.9,79.4,206.9
PRINCE WILLIAM COUNTY,"1,824","1,349",368,107,"4,456","3,367",835,254,17.2,16.0,22.3,23.1,67.8,64.4,82.3,76.8
ALEXANDRIA CITY,"3,354","2,011",869,474,"2,141","1,145",647,349,18.0,13.3,24.1,62.3,65.6,48.6,87.0,209.1
FAIRFAX CITY,2,1,,1,247,187,21,39,12.4,11.6,13.9,17.1,51.2,51.2,42.6,57.5
FALLS CHURCH CITY,2,2,,,110,95,3,12,11.1,10.6,8.0,19.0,48.6,48.4,26.3,63.8
MANASSAS CITY,"1,399","1,189",146,64,675,550,87,38,20.1,19.8,19.8,26.1,78.8,78.1,77.4,94.1
MANASSAS PARK CITY,1,1,,,168,148,14,6,20.8,21.8,14.7,17.5,80.3,85.9,54.3,53.6
PLANNING DISTRICT 9,846,731,108,7,"1,569","1,383",171,15,11.6,11.7,11.0,15.8,55.2,55.5,52.2,58.3
CULPEPER COUNTY,318,258,56,4,436,365,63,8,13.5,13.6,12.4,19.8,61.8,62.4,57.6,73.0
FAUQUIER COUNTY,520,467,52,1,643,585,57,1,11.0,11.1,10.6,2.5,50.2,50.5,50.5,9.3
MADISON COUNTY,4,3,,1,120,109,9,2,9.0,9.4,5.4,39.8,47.3,49.5,27.7,225.1
ORANGE COUNTY,2,2,,,305,262,40,3,13.0,12.8,13.4,38.8,65.4,65.7,61.3,112.0
RAPPAHANNOCK COUNTY,2,1,,1,65,62,2,1,9.2,9.3,5.1,51.9,48.0,48.7,26.2,214.0
,,,,,,IV-4,,,,,,,,,,
,,,,,,TABLE 1,TABLE 1,,,,,,,,,
,LIVE BIRTHS BY PLACE OF OCCURRENCE AND PLACE OF RESIDENCE BY RACE,LIVE BIRTHS BY PLACE OF OCCURRENCE AND PLACE OF RESIDENCE BY RACE,LIVE BIRTHS BY PLACE OF OCCURRENCE AND PLACE OF RESIDENCE BY RACE,LIVE BIRTHS BY PLACE OF OCCURRENCE AND PLACE OF RESIDENCE BY RACE,LIVE BIRTHS BY PLACE OF OCCURRENCE AND PLACE OF RESIDENCE BY RACE,LIVE BIRTHS BY PLACE OF OCCURRENCE AND PLACE OF RESIDENCE BY RACE,LIVE BIRTHS BY PLACE OF OCCURRENCE AND PLACE OF RESIDENCE BY RACE,LIVE BIRTHS BY PLACE OF OCCURRENCE AND PLACE OF RESIDENCE BY RACE,LIVE BIRTHS BY PLACE OF OCCURRENCE AND PLACE OF RESIDENCE BY RACE,LIVE BIRTHS BY PLACE OF OCCURRENCE AND PLACE OF RESIDENCE BY RACE,LIVE BIRTHS BY PLACE OF OCCURRENCE AND PLACE OF RESIDENCE BY RACE,LIVE BIRTHS BY PLACE OF OCCURRENCE AND PLACE OF RESIDENCE BY RACE,LIVE BIRTHS BY PLACE OF OCCURRENCE AND PLACE OF RESIDENCE BY RACE,,,
,"WITH RESIDENT RATES PER 1,000 POPULATION AND FEMALES AGES 15-44","WITH RESIDENT RATES PER 1,000 POPULATION AND FEMALES AGES 15-44","WITH RESIDENT RATES PER 1,000 POPULATION AND FEMALES AGES 15-44","WITH RESIDENT RATES PER 1,000 POPULATION AND FEMALES AGES 15-44","WITH RESIDENT RATES PER 1,000 POPULATION AND FEMALES AGES 15-44","WITH RESIDENT RATES PER 1,000 POPULATION AND FEMALES AGES 15-44","WITH RESIDENT RATES PER 1,000 POPULATION AND FEMALES AGES 15-44","WITH RESIDENT RATES PER 1,000 POPULATION AND FEMALES AGES 15-44","WITH RESIDENT RATES PER 1,000 POPULATION AND FEMALES AGES 15-44","WITH RESIDENT RATES PER 1,000 POPULATION AND FEMALES AGES 15-44","WITH RESIDENT RATES PER 1,000 POPULATION AND FEMALES AGES 15-44","WITH RESIDENT RATES PER 1,000 POPULATION AND FEMALES AGES 15-44",,,,
,,,BY PLANNING DISTRICT AND CITY OR COUNTY,BY PLANNING DISTRICT AND CITY OR COUNTY,BY PLANNING DISTRICT AND CITY OR COUNTY,BY PLANNING DISTRICT AND CITY OR COUNTY,BY PLANNING DISTRICT AND CITY OR COUNTY,BY PLANNING DISTRICT AND CITY OR COUNTY,BY PLANNING DISTRICT AND CITY OR COUNTY,BY PLANNING DISTRICT AND CITY OR COUNTY,,,,,,
,,,,,,"VIRGINIA, 1997","VIRGINIA, 1997","VIRGINIA, 1997",,,,,,,,
PLANNING DISTRICT,NUMBER OF LIVE BIRTHS,NUMBER OF LIVE BIRTHS,NUMBER OF LIVE BIRTHS,NUMBER OF LIVE BIRTHS,,,,,LIVE BIRTHS BY PLACE OF RESIDENCE,LIVE BIRTHS BY PLACE OF RESIDENCE,LIVE BIRTHS BY PLACE OF RESIDENCE,LIVE BIRTHS BY PLACE OF RESIDENCE,,,,
AND,BY PLACE OF OCCURRENCE,BY PLACE OF OCCURRENCE,BY PLACE OF OCCURRENCE,BY PLACE OF OCCURRENCE,NUMBER OF LIVE BIRTHS,NUMBER OF LIVE BIRTHS,NUMBER OF LIVE BIRTHS,NUMBER OF LIVE BIRTHS,"RATES PER 1,000 POPULATION","RATES PER 1,000 POPULATION","RATES PER 1,000 POPULATION","RATES PER 1,000 POPULATION","RATES PER 1,000 FEMALES AGE 15-44","RATES PER 1,000 FEMALES AGE 15-44","RATES PER 1,000 FEMALES AGE 15-44","RATES PER 1,000 FEMALES AGE 15-44"
CITY / COUNTY,TOTAL,WHITE,BLACK,OTHER,TOTAL,WHITE,BLACK,OTHER,TOTAL,WHITE,BLACK,OTHER,TOTAL,WHITE,BLACK,OTHER
STATE OF VIRGINIA,"89,679","63,785","20,892","5,002","91,664","65,474","20,911","5,279",13.7,12.7,16.0,23.1,59.2,56.0,66.0,84.2
PLANNING DISTRICT 10,"2,961","2,394",501,66,"2,333","1,874",396,63,13.1,12.8,14.1,19.0,53.5,52.9,56.9,51.8
ALBEMARLE COUNTY,15,15,,,914,782,96,36,12.0,11.8,12.2,18.1,47.8,48.2,43.8,49.6
FLUVANNA COUNTY,,,,,257,223,32,2,18.5,20.1,11.6,51.4,89.8,96.8,58.7,159.1
GREENE COUNTY,6,6,,,210,195,12,3,17.1,17.0,16.3,67.4,75.6,75.3,69.4,228.5
LOUISA COUNTY,2,2,,,284,215,69,,13.0,12.7,14.2,,60.6,58.8,68.9,
NELSON COUNTY,3,3,,,180,154,23,3,13.7,14.1,10.5,80.3,71.1,74.1,52.3,237.2
CHARLOTTESVILLE CITY,"2,935","2,368",501,66,488,305,164,19,12.0,10.2,16.9,17.2,41.9,35.4,62.8,44.7
PLANNING DISTRICT 11,"2,555","1,865",654,36,"2,633","1,993",603,37,12.3,11.4,15.3,28.3,55.5,52.4,66.9,100.8
AMHERST COUNTY,3,3,,,347,282,62,3,12.0,12.3,10.7,14.6,54.2,55.5,48.9,55.2
APPOMATTOX COUNTY,1,,1,,176,129,47,,13.8,13.2,15.6,,68.3,66.8,73.5,
BEDFORD COUNTY,6,5,1,,628,592,32,4,12.0,12.1,9.7,25.1,56.8,57.2,46.8,125.9
CAMPBELL COUNTY,3,3,,,613,499,104,10,12.6,12.0,15.4,47.9,58.5,56.2,67.5,172.2
BEDFORD CITY,246,208,37,1,64,45,19,,10.5,9.7,13.2,,57.5,56.7,61.3,
LYNCHBURG CITY,"2,296","1,646",615,35,805,446,339,20,12.1,9.6,17.7,29.8,51.0,40.6,74.1,97.1
PLANNING DISTRICT 12,"2,001","1,338",646,17,"2,708","1,877",812,19,11.3,10.6,13.2,22.0,55.6,54.7,57.5,89.3
FRANKLIN COUNTY,242,201,38,3,469,408,56,5,11.2,10.8,13.1,44.0,54.0,53.2,57.6,126.7
HENRY COUNTY,1,1,,,645,474,168,3,11.4,10.9,12.7,17.3,55.4,55.1,56.1,78.7
PATRICK COUNTY,103,91,11,1,183,172,10,1,10.5,10.6,8.2,31.4,54.4,55.5,38.6,141.4
PITTSYLVANIA COUNTY,2,2,,,657,504,151,2,11.8,12.1,10.9,19.7,56.4,58.6,49.9,80.5
DANVILLE CITY,"1,124",685,432,7,576,237,335,4,10.9,7.9,14.9,10.4,56.2,49.1,62.9,44.0
MARTINSVILLE CITY,529,358,165,6,178,82,92,4,11.4,9.0,14.4,70.3,57.5,53.2,59.7,324.8
PLANNING DISTRICT 13,847,407,436,4,980,489,484,7,12.1,10.6,14.1,30.0,63.0,59.9,65.9,146.4
BRUNSWICK COUNTY,,,,,175,59,114,2,10.8,9.1,11.7,91.7,53.0,54.4,51.5,512.9
HALIFAX COUNTY,562,287,273,2,431,236,193,2,12.2,10.9,14.0,13.8,63.3,60.7,66.8,60.1
MECKLENBURG COUNTY,285,120,163,2,374,194,177,3,12.9,10.7,16.2,44.8,68.8,60.8,79.1,282.0
PLANNING DISTRICT 14,381,204,176,1,"1,022",615,403,4,11.9,11.4,12.6,11.8,59.3,56.7,63.9,47.6
AMELIA COUNTY,,,,,118,89,29,,12.7,13.5,10.9,,61.3,62.9,57.5,
BUCKINGHAM COUNTY,1,1,,,135,77,57,1,10.2,9.8,10.7,22.4,56.4,54.8,58.5,71.6
CHARLOTTE COUNTY,2,2,,,136,85,51,,11.8,11.5,12.5,,63.6,65.9,60.4,
CUMBERLAND COUNTY,1,1,,,112,72,38,2,13.9,14.3,12.8,96.8,73.4,76.5,65.8,330.2
LUNENBURG COUNTY,,,,,127,73,54,,11.4,10.4,13.2,,61.9,58.4,68.1,
NOTTOWAY COUNTY,,,,,180,106,74,,11.9,12.0,11.8,,66.7,67.6,66.6,
PRINCE EDWARD COUNTY,377,200,176,1,214,113,100,1,12.0,10.1,15.4,9.0,47.5,38.0,66.5,39.9
PLANNING DISTRICT 15,"12,328","7,839","4,138",351,"11,187","7,046","3,785",356,13.8,12.4,16.6,22.8,58.2,53.9,66.0,86.8
CHARLES CITY COUNTY,,,,,86,29,53,4,14.0,13.3,15.0,9.0,66.5,65.2,71.2,38.7
CHESTERFIELD COUNTY,"1,722","1,450",231,41,"3,127","2,467",551,109,12.6,12.0,14.6,18.4,52.9,51.0,58.7,81.0
GOOCHLAND COUNTY,,,,,157,124,31,2,9.7,10.4,7.3,39.5,43.3,48.0,30.1,148.9
HANOVER COUNTY,1,1,,,938,826,96,16,12.7,12.3,15.1,39.0,56.8,54.7,74.0,141.0
HENRICO COUNTY,"6,430","4,770","1,476",184,"3,225","2,201",887,137,13.5,12.4,16.2,22.0,54.9,53.9,54.9,77.8
NEW KENT COUNTY,2,2,,,149,122,24,3,12.4,12.7,11.1,17.3,56.5,56.7,54.8,60.2
POWHATAN COUNTY,1,1,,,229,205,22,2,13.0,14.3,6.8,35.0,68.3,69.4,56.8,182.8
RICHMOND CITY,"4,172","1,615","2,431",126,"3,276","1,072","2,121",83,16.7,13.7,18.3,35.3,69.8,58.6,75.9,117.6
PLANNING DISTRICT 16,"2,379","1,968",355,56,"3,209","2,633",502,74,15.8,15.2,18.5,25.7,67.8,64.8,84.7,93.2
CAROLINE COUNTY,,,,,298,198,96,4,14.8,15.4,13.7,16.4,70.2,72.1,66.4,71.5
KING GEORGE COUNTY,1,1,,,223,160,55,8,14.6,13.1,18.9,47.8,62.9,57.2,79.5,148.7
SPOTSYLVANIA COUNTY,11,11,,,"1,183","1,027",130,26,16.8,16.2,20.1,30.8,69.5,66.9,89.8,111.7
STAFFORD COUNTY,10,10,,,"1,200","1,041",132,27,15.5,14.9,22.4,20.0,70.0,66.8,111.0,75.3
FREDERICKSBURG CITY,"2,357","1,946",355,56,305,207,89,9,15.2,13.9,18.2,32.6,56.6,50.0,77.3,96.5
PLANNING DISTRICT 17,240,128,112,,443,264,178,1,9.6,8.1,13.2,5.7,57.3,53.3,64.9,24.5
LANCASTER COUNTY,236,125,111,,96,44,52,,8.4,5.4,15.6,,55.6,40.9,80.6,
NORTHUMBERLAND COUNTY,1,1,,,85,60,25,,7.6,7.5,8.1,,49.9,53.8,43.0,
RICHMOND COUNTY,,,,,74,46,27,1,9.9,8.8,12.1,30.8,53.2,49.6,59.3,141.6
WESTMORELAND COUNTY,3,2,1,,188,114,74,,11.7,10.2,15.2,,64.5,62.3,69.6,
PLANNING DISTRICT 18,12,7,5,,847,665,173,9,10.4,10.2,10.9,12.6,49.9,49.2,52.8,53.3
ESSEX COUNTY,3,2,1,,106,53,50,3,12.1,9.8,15.4,35.2,64.4,55.0,74.8,196.9
GLOUCESTER COUNTY,6,3,3,,331,301,28,2,9.1,9.2,8.2,7.4,39.5,39.6,39.1,25.3
KING AND QUEEN COUNTY,1,1,,,76,46,30,,11.6,11.8,11.5,,58.8,62.8,55.3,
KING WILLIAM COUNTY,2,1,1,,180,135,42,3,14.8,15.9,12.3,12.0,68.2,74.3,54.5,59.2
MATHEWS COUNTY,,,,,92,80,11,1,10.6,10.6,10.4,43.4,61.5,61.9,55.6,159.0
MIDDLESEX COUNTY,,,,,62,50,12,,6.8,7.1,5.8,,41.0,44.4,31.2,
,,,,,,IV-5,,,,,,,,,,
,,,,,,TABLE 1,TABLE 1,,,,,,,,,
,LIVE BIRTHS BY PLACE OF OCCURRENCE AND PLACE OF RESIDENCE BY RACE,LIVE BIRTHS BY PLACE OF OCCURRENCE AND PLACE OF RESIDENCE BY RACE,LIVE BIRTHS BY PLACE OF OCCURRENCE AND PLACE OF RESIDENCE BY RACE,LIVE BIRTHS BY PLACE OF OCCURRENCE AND PLACE OF RESIDENCE BY RACE,LIVE BIRTHS BY PLACE OF OCCURRENCE AND PLACE OF RESIDENCE BY RACE,LIVE BIRTHS BY PLACE OF OCCURRENCE AND PLACE OF RESIDENCE BY RACE,LIVE BIRTHS BY PLACE OF OCCURRENCE AND PLACE OF RESIDENCE BY RACE,LIVE BIRTHS BY PLACE OF OCCURRENCE AND PLACE OF RESIDENCE BY RACE,LIVE BIRTHS BY PLACE OF OCCURRENCE AND PLACE OF RESIDENCE BY RACE,LIVE BIRTHS BY PLACE OF OCCURRENCE AND PLACE OF RESIDENCE BY RACE,LIVE BIRTHS BY PLACE OF OCCURRENCE AND PLACE OF RESIDENCE BY RACE,LIVE BIRTHS BY PLACE OF OCCURRENCE AND PLACE OF RESIDENCE BY RACE,LIVE BIRTHS BY PLACE OF OCCURRENCE AND PLACE OF RESIDENCE BY RACE,,,
,"WITH RESIDENT RATES PER 1,000 POPULATION AND FEMALES AGES 15-44","WITH RESIDENT RATES PER 1,000 POPULATION AND FEMALES AGES 15-44","WITH RESIDENT RATES PER 1,000 POPULATION AND FEMALES AGES 15-44","WITH RESIDENT RATES PER 1,000 POPULATION AND FEMALES AGES 15-44","WITH RESIDENT RATES PER 1,000 POPULATION AND FEMALES AGES 15-44","WITH RESIDENT RATES PER 1,000 POPULATION AND FEMALES AGES 15-44","WITH RESIDENT RATES PER 1,000 POPULATION AND FEMALES AGES 15-44","WITH RESIDENT RATES PER 1,000 POPULATION AND FEMALES AGES 15-44","WITH RESIDENT RATES PER 1,000 POPULATION AND FEMALES AGES 15-44","WITH RESIDENT RATES PER 1,000 POPULATION AND FEMALES AGES 15-44","WITH RESIDENT RATES PER 1,000 POPULATION AND FEMALES AGES 15-44","WITH RESIDENT RATES PER 1,000 POPULATION AND FEMALES AGES 15-44",,,,
,,,BY PLANNING DISTRICT AND CITY OR COUNTY,BY PLANNING DISTRICT AND CITY OR COUNTY,BY PLANNING DISTRICT AND CITY OR COUNTY,BY PLANNING DISTRICT AND CITY OR COUNTY,BY PLANNING DISTRICT AND CITY OR COUNTY,BY PLANNING DISTRICT AND CITY OR COUNTY,BY PLANNING DISTRICT AND CITY OR COUNTY,BY PLANNING DISTRICT AND CITY OR COUNTY,,,,,,
,,,,,,"VIRGINIA, 1997","VIRGINIA, 1997","VIRGINIA, 1997",,,,,,,,
PLANNING DISTRICT,NUMBER OF LIVE BIRTHS,NUMBER OF LIVE BIRTHS,NUMBER OF LIVE BIRTHS,NUMBER OF LIVE BIRTHS,,,,,LIVE BIRTHS BY PLACE OF RESIDENCE,LIVE BIRTHS BY PLACE OF RESIDENCE,LIVE BIRTHS BY PLACE OF RESIDENCE,LIVE BIRTHS BY PLACE OF RESIDENCE,,,,
AND,BY PLACE OF OCCURRENCE,BY PLACE OF OCCURRENCE,BY PLACE OF OCCURRENCE,BY PLACE OF OCCURRENCE,NUMBER OF LIVE BIRTHS,NUMBER OF LIVE BIRTHS,NUMBER OF LIVE BIRTHS,NUMBER OF LIVE BIRTHS,"RATES PER 1,000 POPULATION","RATES PER 1,000 POPULATION","RATES PER 1,000 POPULATION","RATES PER 1,000 POPULATION","RATES PER 1,000 FEMALES AGE 15-44","RATES PER 1,000 FEMALES AGE 15-44","RATES PER 1,000 FEMALES AGE 15-44","RATES PER 1,000 FEMALES AGE 15-44"
CITY / COUNTY,TOTAL,WHITE,BLACK,OTHER,TOTAL,WHITE,BLACK,OTHER,TOTAL,WHITE,BLACK,OTHER,TOTAL,WHITE,BLACK,OTHER
STATE OF VIRGINIA,"89,679","63,785","20,892","5,002","91,664","65,474","20,911","5,279",13.7,12.7,16.0,23.1,59.2,56.0,66.0,84.2
PLANNING DISTRICT 19,"1,987",928,"1,012",47,"1,975",979,958,38,12.5,11.4,13.9,15.9,58.8,57.9,60.1,53.2
DINWIDDIE COUNTY,1,1,,,252,169,81,2,11.1,11.3,10.5,20.9,53.0,54.5,49.9,76.3
GREENSVILLE COUNTY,,,,,122,49,71,2,12.4,11.4,12.9,50.5,66.6,64.1,67.2,171.0
PRINCE GEORGE COUNTY,1,1,,,348,220,112,16,12.1,11.4,12.9,20.9,54.4,54.1,54.4,59.5
SURRY COUNTY,,,,,68,41,27,,10.7,13.2,8.4,,51.5,67.7,38.0,
SUSSEX COUNTY,,,,,110,46,63,1,11.1,10.9,11.1,36.3,54.7,58.9,51.6,116.4
COLONIAL HEIGHTS CITY,1,1,,,168,132,30,6,10.6,8.8,162.1,10.7,54.7,45.5,745.2,45.5
EMPORIA CITY,144,38,105,1,57,19,38,,10.9,7.5,14.3,,60.7,47.3,71.7,
HOPEWELL CITY,568,362,183,23,326,200,120,6,14.2,12.9,17.2,13.2,62.7,62.7,64.9,37.8
PETERSBURG CITY,"1,272",525,724,23,524,103,416,5,14.6,14.4,14.7,12.9,65.2,93.4,60.8,50.6
PLANNING DISTRICT 20,"16,770","10,217","5,853",700,"16,131","9,787","5,653",691,14.6,13.3,17.1,17.4,62.0,57.5,71.1,65.7
ISLE OF WIGHT COUNTY,,,,,311,209,100,2,10.8,9.9,12.9,17.1,49.3,45.7,58.4,62.5
SOUTHAMPTON COUNTY,,,,,175,95,80,,10.1,9.5,11.0,,55.6,52.4,60.3,
CHESAPEAKE CITY,"3,087","2,059",884,144,"2,716","1,837",805,74,15.2,14.6,16.3,26.3,63.8,62.0,66.4,91.8
FRANKLIN CITY,247,120,126,1,89,37,50,2,11.0,10.0,11.4,74.1,53.5,54.3,51.2,346.2
NORFOLK CITY,"5,165","2,649","2,338",178,"3,910","1,816","1,927",167,15.2,12.8,18.0,19.5,67.0,59.1,75.7,78.1
PORTSMOUTH CITY,"4,203","2,638","1,388",177,"1,670",711,934,25,16.2,14.0,18.2,20.9,72.2,66.0,77.5,84.8
SUFFOLK CITY,876,444,421,11,858,425,417,16,15.0,13.2,16.8,47.7,68.4,64.4,71.3,170.3
VIRGINIA BEACH CITY,"3,192","2,307",696,189,"6,402","4,657","1,340",405,14.0,13.2,17.1,15.2,56.9,54.6,66.8,56.8
PLANNING DISTRICT 21,"6,642","4,066","2,341",235,"6,207","3,601","2,371",235,14.3,12.8,16.7,21.3,59.7,55.6,66.3,68.7
JAMES CITY COUNTY,2,2,,,400,303,85,12,9.6,8.6,14.6,25.6,43.4,39.4,60.8,90.7
YORK COUNTY,3,3,,,487,396,64,27,10.3,10.2,8.8,22.1,46.7,46.8,40.1,71.7
HAMPTON CITY,"2,116","1,012","1,001",103,"2,042","1,067",899,76,14.6,13.9,15.1,24.1,59.9,59.8,58.7,80.2
NEWPORT NEWS CITY,"3,682","2,398","1,173",111,"3,052","1,657","1,283",112,16.9,15.3,19.1,20.7,70.7,67.0,76.6,66.9
POQUOSON CITY,,,,,91,89,,2,7.4,7.5,,6.5,34.6,35.3,,24.2
WILLIAMSBURG CITY,839,651,167,21,135,89,40,6,11.0,9.2,18.4,13.5,31.1,25.7,59.8,28.9
PLANNING DISTRICT 22,462,247,213,2,548,313,231,4,12.2,11.2,13.8,26.9,64.6,63.8,65.1,120.0
ACCOMACK COUNTY,2,,2,,393,235,154,4,12.2,11.2,14.0,34.3,64.0,63.3,64.2,143.4
NORTHAMPTON COUNTY,460,247,211,2,155,78,77,,12.2,11.2,13.6,,66.1,65.5,67.0,
PLANNING DISTRICT 23,"23,412","14,283","8,194",935,"22,338","13,388","8,024",926,14.5,13.1,17.0,18.3,61.4,57.0,69.6,66.5
UNKNOWN VIRGINIA,,,,,,,,,,,,,,,,
"NOTE: PLANNING DISTRICT 23, THE HAMPTON ROADS PLANNING DISTRICT, IS THE AGGREGATE OF PLANNING DISTRICTS 20 AND 21.","NOTE: PLANNING DISTRICT 23, THE HAMPTON ROADS PLANNING DISTRICT, IS THE AGGREGATE OF PLANNING DISTRICTS 20 AND 21.","NOTE: PLANNING DISTRICT 23, THE HAMPTON ROADS PLANNING DISTRICT, IS THE AGGREGATE OF PLANNING DISTRICTS 20 AND 21.","NOTE: PLANNING DISTRICT 23, THE HAMPTON ROADS PLANNING DISTRICT, IS THE AGGREGATE OF PLANNING DISTRICTS 20 AND 21.","NOTE: PLANNING DISTRICT 23, THE HAMPTON ROADS PLANNING DISTRICT, IS THE AGGREGATE OF PLANNING DISTRICTS 20 AND 21.","NOTE: PLANNING DISTRICT 23, THE HAMPTON ROADS PLANNING DISTRICT, IS THE AGGREGATE OF PLANNING DISTRICTS 20 AND 21.","NOTE: PLANNING DISTRICT 23, THE HAMPTON ROADS PLANNING DISTRICT, IS THE AGGREGATE OF PLANNING DISTRICTS 20 AND 21.","NOTE: PLANNING DISTRICT 23, THE HAMPTON ROADS PLANNING DISTRICT, IS THE AGGREGATE OF PLANNING DISTRICTS 20 AND 21.","NOTE: PLANNING DISTRICT 23, THE HAMPTON ROADS PLANNING DISTRICT, IS THE AGGREGATE OF PLANNING DISTRICTS 20 AND 21.","NOTE: PLANNING DISTRICT 23, THE HAMPTON ROADS PLANNING DISTRICT, IS THE AGGREGATE OF PLANNING DISTRICTS 20 AND 21.","NOTE: PLANNING DISTRICT 23, THE HAMPTON ROADS PLANNING DISTRICT, IS THE AGGREGATE OF PLANNING DISTRICTS 20 AND 21.",,,,,,
,,,,,,IV-6,IV-6,,,,,,,,,
